2001,109,110,121,122,269,270,123,124
2002,109,110,121,122,269,270,249,250
2003,109,110,267,268,269,270,249,250
2004,109,110,121,122,269,270,123,124
2005,121,122,267,268,269,270,249,250
2006,121,122,267,268,269,270,109,110
2007,109,110,121,122,269,270,123,124
2008,109,110,121,122,267,268,123,124
2009,109,110,121,122,269,270,123,124
2010,109,110,121,122,269,270,123,124
2011,109,110,267,268,269,270,249,250
2012,109,110,121,122,269,270,123,124
2013,109,110,121,122,269,270,123,124
2014,109,110,121,122,269,270,123,124
2015,109,110,121,122,269,270,267,268
2016,109,110,267,268,269,270,121,122
2017,121,122,267,268,269,270,109,110
2018,109,110,121,122,269,270,123,124
2019,109,110,267,268,269,270,123,124
2020,121,122,267,268,269,270,249,250
2021,121,122,267,268,269,270,249,250
2022,109,110,121,122,269,270,123,124
2023,109,110,121,122,267,268,249,250
2024,109,110,267,268,269,270,249,250
2025,109,110,121,122,269,270,123,124
2026,121,122,267,268,269,270,109,110
2027,109,110,121,122,267,268,123,124
2028,109,110,121,122,269,270,123,124
2029,121,122,267,268,269,270,109,110
2030,109,110,121,122,269,270,123,124
2031,109,110,121,122,269,270,123,124
2032,109,110,267,268,269,270,121,122
2033,109,110,121,122,269,270,123,124
2034,109,110,121,122,269,270,123,124
2035,109,110,267,268,269,270,249,250
2036,109,110,267,268,269,270,249,250
2037,109,110,267,268,269,270,249,250
2038,121,122,267,268,269,270,109,110
2039,109,110,121,122,269,270,123,124
2040,109,110,121,122,269,270,123,124
2041,109,110,121,122,267,268,249,250
2042,109,110,267,268,269,270,123,124
2043,109,110,121,122,269,270,267,268
2044,109,110,121,122,269,270,123,124
2045,109,110,121,122,269,270,123,124
2046,109,110,267,268,269,270,249,250
2047,121,122,267,268,269,270,123,124
2048,109,110,121,122,269,270,123,124
2049,109,110,267,268,269,270,123,124
2050,121,122,267,268,269,270,123,124
2051,121,122,267,268,269,270,109,110
2052,121,122,267,268,269,270,109,110
2053,109,110,121,122,269,270,123,124
2054,109,110,121,122,269,270,123,124
2055,109,110,121,122,269,270,123,124
2056,109,110,267,268,269,270,249,250
2057,121,122,267,268,269,270,249,250
2058,109,110,267,268,269,270,123,124
2059,109,110,267,268,269,270,123,124
2060,109,110,267,268,269,270,249,250
2061,109,110,267,268,269,270,121,122
2062,109,110,121,122,269,270,123,124
2063,109,110,121,122,269,270,249,250
2064,109,110,267,268,269,270,249,250
2065,109,110,267,268,269,270,123,124
2066,109,110,267,268,269,270,123,124
2067,109,110,267,268,269,270,121,122
2068,109,110,267,268,269,270,121,122
2069,109,110,267,268,269,270,121,122
2070,109,110,267,268,269,270,123,124
2071,109,110,121,122,269,270,123,124
2072,121,122,267,268,269,270,249,250
2073,109,110,121,122,269,270,123,124
2074,109,110,121,122,269,270,123,124
2075,121,122,267,268,269,270,123,124
2076,109,110,267,268,269,270,121,122
2077,109,110,267,268,269,270,121,122
2078,121,122,267,268,269,270,123,124
2079,109,110,121,122,269,270,123,124
2080,109,110,121,122,269,270,267,268
2081,109,110,267,268,269,270,121,122
2082,109,110,267,268,269,270,123,124
2083,109,110,267,268,269,270,121,122
2084,109,110,267,268,269,270,121,122
2085,109,110,267,268,269,270,121,122
2086,109,110,121,122,269,270,123,124
2087,109,110,267,268,269,270,249,250
2088,109,110,267,268,269,270,249,250
2089,121,122,267,268,269,270,249,250
2090,109,110,267,268,269,270,249,250
2091,109,110,267,268,269,270,249,250
2092,121,122,267,268,269,270,123,124
2093,109,110,267,268,269,270,121,122
2094,121,122,267,268,269,270,123,124
2095,109,110,121,122,269,270,123,124
2096,121,122,267,268,269,270,109,110
2097,109,110,121,122,269,270,267,268
2098,109,110,121,122,267,268,249,250
2099,121,122,267,268,269,270,109,110
2100,109,110,267,268,269,270,249,250
2101,109,110,121,122,269,270,123,124
2102,109,110,121,122,267,268,249,250
2103,109,110,121,122,267,268,123,124
2104,121,122,267,268,269,270,249,250
2105,109,110,121,122,269,270,123,124
2106,121,122,267,268,269,270,249,250
2107,109,110,267,268,269,270,249,250
2108,109,110,121,122,269,270,267,268
2109,109,110,121,122,267,268,249,250
2110,109,110,267,268,269,270,123,124
2111,109,110,267,268,269,270,249,250
2112,109,110,267,268,269,270,249,250
2113,109,110,267,268,269,270,249,250
2114,109,110,267,268,269,270,249,250
2115,109,110,267,268,269,270,249,250
2116,121,122,267,268,269,270,109,110
2117,109,110,267,268,269,270,249,250
2118,109,110,267,268,269,270,249,250
2119,109,110,267,268,269,270,123,124
2120,109,110,267,268,269,270,123,124
2121,109,110,267,268,269,270,123,124
2122,109,110,121,122,269,270,123,124
2123,109,110,267,268,269,270,121,122
2124,109,110,267,268,269,270,249,250
2125,109,110,267,268,269,270,249,250
2126,109,110,121,122,269,270,123,124
2127,109,110,121,122,267,268,249,250
2128,109,110,121,122,269,270,249,250
2129,109,110,267,268,269,270,249,250
2130,109,110,267,268,269,270,249,250
2131,109,110,267,268,269,270,249,250
2132,109,110,267,268,269,270,249,250
2133,109,110,267,268,269,270,123,124
2134,109,110,121,122,269,270,123,124
2135,109,110,267,268,269,270,123,124
2136,109,110,267,268,269,270,249,250
2137,109,110,121,122,269,270,123,124
2138,109,110,121,122,269,270,267,268
2139,109,110,267,268,269,270,249,250
2140,109,110,267,268,269,270,121,122
2141,109,110,267,268,269,270,249,250
2142,109,110,267,268,269,270,249,250
2143,121,122,267,268,269,270,123,124
2144,109,110,267,268,269,270,123,124
2145,109,110,267,268,269,270,249,250
2146,109,110,267,268,269,270,121,122
2147,109,110,121,122,267,268,249,250
2148,109,110,121,122,269,270,267,268
2149,121,122,267,268,269,270,109,110
2150,121,122,267,268,269,270,109,110
2151,109,110,267,268,269,270,121,122
2152,109,110,267,268,269,270,249,250
2153,109,110,121,122,269,270,267,268
2154,109,110,121,122,269,270,249,250
2155,109,110,267,268,269,270,121,122
2156,109,110,267,268,269,270,121,122
2157,121,122,267,268,269,270,109,110
2158,109,110,267,268,269,270,249,250
2159,109,110,267,268,269,270,123,124
2160,121,122,267,268,269,270,249,250
2161,109,110,267,268,269,270,123,124
2162,109,110,267,268,269,270,121,122
2163,109,110,267,268,269,270,249,250
2164,109,110,267,268,269,270,123,124
2165,109,110,267,268,269,270,121,122
2166,109,110,267,268,269,270,249,250
2167,109,110,267,268,269,270,249,250
2168,109,110,267,268,269,270,249,250
2169,109,110,121,122,269,270,267,268
2170,121,122,267,268,269,270,109,110
2171,109,110,267,268,269,270,249,250
2172,109,110,267,268,269,270,123,124
2173,121,122,267,268,269,270,109,110
2174,109,110,121,122,269,270,123,124
2175,121,122,267,268,269,270,109,110
2176,121,122,267,268,269,270,109,110
2177,109,110,121,122,269,270,123,124
2178,109,110,121,122,269,270,249,250
2179,121,122,267,268,269,270,249,250
2180,109,110,267,268,269,270,123,124
2181,109,110,267,268,269,270,249,250
2182,109,110,267,268,269,270,249,250
2183,109,110,267,268,269,270,249,250
2184,109,110,121,122,269,270,267,268
2185,121,122,267,268,269,270,109,110
2186,109,110,267,268,269,270,121,122
2187,109,110,267,268,269,270,249,250
2188,109,110,121,122,269,270,267,268
2189,109,110,267,268,269,270,121,122
2190,109,110,267,268,269,270,249,250
2191,109,110,267,268,269,270,121,122
2192,121,122,267,268,269,270,123,124
2193,109,110,267,268,269,270,249,250
2194,109,110,267,268,269,270,249,250
2195,109,110,121,122,269,270,123,124
2196,121,122,267,268,269,270,123,124
2197,109,110,267,268,269,270,249,250
2198,109,110,121,122,269,270,267,268
2199,109,110,267,268,269,270,249,250
2200,109,110,121,122,267,268,269,270
2201,121,122,267,268,269,270,249,250
2202,121,122,267,268,269,270,109,110
2203,109,110,267,268,269,270,123,124
2204,109,110,121,122,267,268,249,250
2205,121,122,267,268,269,270,249,250
2206,121,122,267,268,269,270,249,250
2207,109,110,267,268,269,270,123,124
2208,109,110,267,268,269,270,249,250
2209,109,110,121,122,269,270,267,268
2210,109,110,121,122,269,270,249,250
2211,109,110,267,268,269,270,121,122
2212,109,110,267,268,269,270,249,250
2213,109,110,267,268,269,270,123,124
2214,121,122,267,268,269,270,109,110
2215,109,110,267,268,269,270,123,124
2216,109,110,121,122,269,270,123,124
2217,109,110,121,122,267,268,249,250
2218,109,110,121,122,269,270,123,124
2219,109,110,267,268,269,270,123,124
2220,109,110,267,268,269,270,121,122
2221,121,122,267,268,269,270,109,110
2222,109,110,267,268,269,270,123,124
2223,121,122,267,268,269,270,249,250
2224,109,110,267,268,269,270,121,122
2225,109,110,267,268,269,270,121,122
2226,109,110,267,268,269,270,249,250
2227,121,122,267,268,269,270,109,110
2228,109,110,267,268,269,270,249,250
2229,121,122,267,268,269,270,109,110
2230,109,110,267,268,269,270,249,250
2231,121,122,267,268,269,270,249,250
2232,121,122,267,268,269,270,109,110
2233,121,122,267,268,269,270,109,110
2234,109,110,267,268,269,270,249,250
2235,109,110,121,122,267,268,123,124
2236,109,110,121,122,267,268,123,124
2237,121,122,267,268,269,270,109,110
2238,109,110,121,122,269,270,249,250
2239,109,110,121,122,269,270,123,124
2240,109,110,121,122,269,270,123,124
2241,109,110,267,268,269,270,249,250
2242,109,110,267,268,269,270,249,250
2243,109,110,267,268,269,270,249,250
2244,121,122,267,268,269,270,249,250
2245,109,110,267,268,269,270,249,250
2246,109,110,121,122,269,270,123,124
2247,109,110,267,268,269,270,123,124
2248,109,110,121,122,267,268,249,250
2249,121,122,267,268,269,270,109,110
2250,109,110,267,268,269,270,121,122
2251,121,122,267,268,269,270,109,110
2252,109,110,121,122,269,270,123,124
2253,109,110,267,268,269,270,123,124
2254,121,122,267,268,269,270,109,110
2255,109,110,121,122,269,270,249,250
2256,109,110,121,122,269,270,123,124
2257,109,110,121,122,269,270,123,124
2258,109,110,267,268,269,270,249,250
2259,109,110,267,268,269,270,249,250
2260,109,110,267,268,269,270,249,250
2261,109,110,267,268,269,270,249,250
2262,109,110,121,122,269,270,123,124
2263,109,110,121,122,267,268,269,270
2264,121,122,267,268,269,270,109,110
2265,109,110,267,268,269,270,249,250
2266,109,110,267,268,269,270,121,122
2267,121,122,267,268,269,270,109,110
2268,121,122,267,268,269,270,123,124
2269,121,122,267,268,269,270,109,110
2270,121,122,267,268,269,270,109,110
2271,121,122,267,268,269,270,109,110
2272,121,122,267,268,269,270,249,250
2273,121,122,267,268,269,270,249,250
2274,121,122,267,268,269,270,109,110
2275,109,110,267,268,269,270,121,122
2276,121,122,267,268,269,270,249,250
2278,109,110,267,268,269,270,123,124
2279,109,110,267,268,269,270,123,124
2280,121,122,267,268,269,270,109,110
2281,121,122,267,268,269,270,249,250
2282,121,122,267,268,269,270,249,250
2283,109,110,267,268,269,270,123,124
2285,109,110,267,268,269,270,121,122
2286,121,122,267,268,269,270,123,124
2287,121,122,267,268,269,270,249,250
2288,109,110,121,122,269,270,123,124
2289,121,122,267,268,269,270,109,110
2290,109,110,121,122,269,270,123,124
2291,109,110,121,122,269,270,123,124
2292,109,110,121,122,269,270,123,124
2293,109,110,121,122,269,270,123,124
2294,109,110,267,268,269,270,121,122
2295,109,110,121,122,267,268,123,124
2296,109,110,267,268,269,270,249,250
2297,109,110,121,122,267,268,123,124
2298,109,110,267,268,269,270,249,250
2299,109,110,267,268,269,270,121,122
2300,109,110,121,122,269,270,123,124
2301,109,110,121,122,269,270,267,268
2302,109,110,267,268,269,270,121,122
2303,109,110,267,268,269,270,249,250
2304,121,122,267,268,269,270,109,110
2305,109,110,121,122,267,268,249,250
2306,109,110,267,268,269,270,249,250
2307,109,110,121,122,269,270,123,124
2308,109,110,121,122,269,270,249,250
2309,109,110,267,268,269,270,121,122
2310,121,122,267,268,269,270,249,250
2311,121,122,267,268,269,270,109,110
2312,109,110,267,268,269,270,121,122
2314,109,110,121,122,269,270,267,268
2315,109,110,121,122,269,270,267,268
2316,121,122,267,268,269,270,123,124
2317,109,110,267,268,269,270,121,122
2318,109,110,121,122,267,268,123,124
2319,109,110,121,122,267,268,269,270
2320,109,110,121,122,267,268,249,250
2321,109,110,267,268,269,270,121,122
2322,109,110,267,268,269,270,249,250
2323,109,110,267,268,269,270,249,250
2324,109,110,267,268,269,270,249,250
2325,109,110,121,122,267,268,269,270
2326,109,110,267,268,269,270,121,122
2327,121,122,267,268,269,270,109,110
2328,121,122,267,268,269,270,249,250
2329,109,110,267,268,269,270,121,122
2330,109,110,121,122,267,268,249,250
2331,121,122,267,268,269,270,249,250
2332,109,110,121,122,267,268,123,124
2333,109,110,267,268,269,270,249,250
2334,121,122,267,268,269,270,109,110
2335,121,122,267,268,269,270,109,110
2336,109,110,121,122,269,270,267,268
2337,109,110,267,268,269,270,121,122
2340,109,110,121,122,267,268,269,270
2341,121,122,267,268,269,270,249,250
2342,109,110,267,268,269,270,249,250
2343,121,122,267,268,269,270,109,110
2344,109,110,121,122,269,270,267,268
2345,109,110,121,122,269,270,267,268
2346,109,110,267,268,269,270,249,250
2347,109,110,267,268,269,270,249,250
2348,121,122,267,268,269,270,249,250
2349,109,110,267,268,269,270,121,122
2350,109,110,121,122,267,268,249,250
4001,121,122,267,268,269,270,109,110
4002,121,122,267,268,269,270,249,250
4003,109,110,121,122,269,270,267,268
4004,109,110,267,268,269,270,121,122
4005,121,122,267,268,269,270,109,110
4006,109,110,121,122,269,270,249,250
4007,109,110,121,122,269,270,249,250
4008,121,122,267,268,269,270,109,110
4009,109,110,267,268,269,270,249,250
4010,109,110,267,268,269,270,249,250
4011,121,122,267,268,269,270,249,250
4012,109,110,267,268,269,270,249,250
4013,109,110,121,122,269,270,267,268
4014,109,110,267,268,269,270,121,122
4015,121,122,267,268,269,270,109,110
4016,121,122,267,268,269,270,249,250
4017,109,110,267,268,269,270,121,122
4018,109,110,121,122,269,270,249,250
4019,109,110,267,268,269,270,249,250
4020,109,110,267,268,269,270,249,250
4021,109,110,267,268,269,270,249,250
4022,121,122,267,268,269,270,249,250
4023,121,122,267,268,269,270,109,110
4024,109,110,267,268,269,270,249,250
4025,109,110,121,122,267,268,249,250
4026,109,110,121,122,267,268,269,270
4027,109,110,267,268,269,270,121,122
4028,121,122,267,268,269,270,109,110
4029,109,110,267,268,269,270,121,122
4030,109,110,267,268,269,270,121,122
4031,109,110,121,122,267,268,269,270
4032,109,110,267,268,269,270,249,250
4033,109,110,267,268,269,270,249,250
4034,109,110,121,122,269,270,267,268
4035,109,110,267,268,269,270,249,250
4036,109,110,267,268,269,270,249,250
4037,109,110,121,122,267,268,249,250
4038,109,110,267,268,269,270,249,250
4039,109,110,267,268,269,270,121,122
4040,121,122,267,268,269,270,109,110
4041,121,122,267,268,269,270,249,250
4043,109,110,267,268,269,270,249,250
4044,121,122,267,268,269,270,109,110
4045,109,110,267,268,269,270,249,250
4046,109,110,267,268,269,270,249,250
4047,121,122,267,268,269,270,109,110
4048,109,110,121,122,269,270,249,250
4049,121,122,267,268,269,270,249,250
4050,109,110,267,268,269,270,121,122
4051,109,110,267,268,269,270,121,122
4052,121,122,267,268,269,270,249,250
4053,109,110,267,268,269,270,121,122
4054,109,110,267,268,269,270,249,250
4055,109,110,267,268,269,270,121,122
4056,121,122,267,268,269,270,109,110
4057,109,110,267,268,269,270,121,122
4058,121,122,267,268,269,270,109,110
4059,121,122,267,268,269,270,109,110
4060,109,110,267,268,269,270,249,250
4061,109,110,267,268,269,270,249,250
4062,109,110,267,268,269,270,121,122
4063,121,122,267,268,269,270,109,110
4064,109,110,121,122,269,270,267,268
4065,109,110,121,122,269,270,267,268
4066,109,110,121,122,269,270,249,250
4067,109,110,267,268,269,270,249,250
4068,109,110,121,122,269,270,267,268
4069,109,110,267,268,269,270,249,250
4070,109,110,267,268,269,270,249,250
4071,109,110,267,268,269,270,249,250
4072,121,122,267,268,269,270,249,250
4073,109,110,267,268,269,270,249,250
4074,109,110,267,268,269,270,121,122
4075,121,122,267,268,269,270,249,250
4076,121,122,267,268,269,270,109,110
4077,109,110,267,268,269,270,249,250
4078,121,122,267,268,269,270,109,110
4079,109,110,121,122,269,270,249,250
4080,109,110,267,268,269,270,249,250
4081,121,122,267,268,269,270,109,110
4082,121,122,267,268,269,270,249,250
4083,109,110,267,268,269,270,249,250
4084,109,110,121,122,269,270,249,250
4085,109,110,267,268,269,270,121,122
4086,109,110,267,268,269,270,249,250
4087,109,110,121,122,267,268,249,250
4088,109,110,267,268,269,270,121,122
4089,109,110,267,268,269,270,121,122
4090,109,110,267,268,269,270,121,122
4091,109,110,267,268,269,270,249,250
4092,121,122,267,268,269,270,249,250
4093,109,110,267,268,269,270,249,250
4094,121,122,267,268,269,270,109,110
4095,109,110,267,268,269,270,249,250
4096,109,110,121,122,269,270,267,268
4097,109,110,267,268,269,270,249,250
4098,109,110,267,268,269,270,249,250
4099,109,110,267,268,269,270,249,250
4100,109,110,267,268,269,270,121,122
4101,109,110,267,268,269,270,121,122
4102,109,110,267,268,269,270,249,250
4103,109,110,267,268,269,270,249,250
4104,109,110,267,268,269,270,249,250
4105,121,122,267,268,269,270,109,110
4106,121,122,267,268,269,270,109,110
4107,121,122,267,268,269,270,249,250
4108,109,110,267,268,269,270,121,122
4109,121,122,267,268,269,270,109,110
4110,109,110,267,268,269,270,249,250
4111,109,110,267,268,269,270,249,250
4112,109,110,121,122,269,270,267,268
4113,121,122,267,268,269,270,109,110
4114,109,110,267,268,269,270,121,122
4115,109,110,267,268,269,270,249,250
4116,109,110,121,122,269,270,267,268
4117,109,110,267,268,269,270,249,250
4118,109,110,121,122,269,270,249,250
4119,121,122,267,268,269,270,249,250
4120,109,110,121,122,269,270,249,250
4121,109,110,267,268,269,270,121,122
4122,109,110,267,268,269,270,249,250
4123,109,110,121,122,269,270,267,268
4124,109,110,267,268,269,270,121,122
4125,121,122,267,268,269,270,109,110
4126,121,122,267,268,269,270,109,110
4127,109,110,121,122,269,270,267,268
4128,109,110,267,268,269,270,121,122
4129,109,110,267,268,269,270,249,250
4130,109,110,267,268,269,270,121,122
4131,109,110,267,268,269,270,121,122
4132,109,110,267,268,269,270,249,250
4133,121,122,267,268,269,270,249,250
4134,121,122,267,268,269,270,109,110
4135,109,110,267,268,269,270,249,250
4136,121,122,267,268,269,270,109,110
4137,109,110,121,122,269,270,267,268
4138,109,110,121,122,269,270,249,250
4139,109,110,121,122,269,270,267,268
4140,109,110,267,268,269,270,121,122
4141,121,122,267,268,269,270,109,110
4142,109,110,267,268,269,270,249,250
4143,109,110,267,268,269,270,121,122
4144,109,110,267,268,269,270,249,250
4145,121,122,267,268,269,270,109,110
4146,109,110,267,268,269,270,249,250
4147,121,122,267,268,269,270,109,110
4148,109,110,121,122,269,270,267,268
4149,109,110,121,122,269,270,267,268
4150,109,110,267,268,269,270,249,250
4151,109,110,267,268,269,270,249,250
4152,121,122,267,268,269,270,109,110
4153,109,110,121,122,269,270,267,268
4154,109,110,267,268,269,270,121,122
4155,121,122,267,268,269,270,109,110
4156,109,110,267,268,269,270,249,250
4157,121,122,267,268,269,270,109,110
4158,109,110,267,268,269,270,249,250
4159,109,110,267,268,269,270,249,250
4160,109,110,267,268,269,270,121,122
4161,109,110,267,268,269,270,249,250
4162,109,110,121,122,269,270,267,268
4163,121,122,267,268,269,270,249,250
4164,109,110,267,268,269,270,121,122
4165,121,122,267,268,269,270,109,110
4166,109,110,267,268,269,270,121,122
4167,109,110,267,268,269,270,249,250
4168,109,110,267,268,269,270,121,122
4169,109,110,267,268,269,270,121,122
4170,121,122,267,268,269,270,249,250
4171,109,110,121,122,269,270,267,268
4172,109,110,267,268,269,270,121,122
4173,109,110,267,268,269,270,121,122
4174,109,110,121,122,267,268,269,270
4175,109,110,121,122,269,270,267,268
4176,109,110,267,268,269,270,249,250
4177,109,110,267,268,269,270,249,250
4178,121,122,267,268,269,270,109,110
4179,121,122,267,268,269,270,109,110
4180,109,110,267,268,269,270,121,122
4181,121,122,267,268,269,270,249,250
4182,109,110,121,122,269,270,267,268
4183,109,110,267,268,269,270,249,250
4184,109,110,121,122,269,270,267,268
4185,109,110,121,122,269,270,249,250
4186,109,110,267,268,269,270,249,250
4187,121,122,267,268,269,270,109,110
4188,121,122,267,268,269,270,109,110
4189,109,110,121,122,267,268,269,270
4190,109,110,121,122,269,270,267,268
4191,109,110,121,122,269,270,267,268
4192,109,110,267,268,269,270,121,122
4193,109,110,267,268,269,270,249,250
4194,109,110,267,268,269,270,249,250
4195,109,110,267,268,269,270,249,250
4196,121,122,267,268,269,270,109,110
4197,109,110,267,268,269,270,121,122
4198,109,110,267,268,269,270,249,250
4199,109,110,121,122,269,270,267,268
4200,121,122,267,268,269,270,249,250
4201,121,122,267,268,269,270,109,110
4202,109,110,267,268,269,270,121,122
4203,109,110,267,268,269,270,249,250
4204,109,110,121,122,267,268,269,270
4205,109,110,121,122,269,270,249,250
4206,109,110,267,268,269,270,249,250
4207,109,110,121,122,269,270,249,250
4208,109,110,267,268,269,270,121,122
4210,109,110,267,268,269,270,249,250
4211,109,110,267,268,269,270,249,250
4212,109,110,121,122,269,270,267,268
4213,121,122,267,268,269,270,109,110
4214,121,122,267,268,269,270,249,250
4215,121,122,267,268,269,270,109,110
4216,109,110,121,122,269,270,267,268
4217,109,110,121,122,269,270,267,268
4218,109,110,267,268,269,270,249,250
4219,121,122,267,268,269,270,109,110
4220,121,122,267,268,269,270,109,110
4221,109,110,267,268,269,270,121,122
4222,109,110,267,268,269,270,249,250
4223,109,110,121,122,267,268,269,270
4224,109,110,267,268,269,270,249,250
4225,109,110,267,268,269,270,249,250
4226,109,110,121,122,269,270,267,268
4227,109,110,267,268,269,270,249,250
4228,109,110,267,268,269,270,121,122
4229,109,110,267,268,269,270,121,122
4230,109,110,267,268,269,270,121,122
4231,109,110,267,268,269,270,121,122
4232,121,122,267,268,269,270,109,110
4233,121,122,267,268,269,270,249,250
4234,109,110,267,268,269,270,121,122
4235,109,110,121,122,267,268,269,270
4236,121,122,267,268,269,270,249,250
4237,121,122,267,268,269,270,109,110
4238,121,122,267,268,269,270,249,250
4239,109,110,121,122,269,270,267,268
4240,121,122,267,268,269,270,109,110
4241,109,110,267,268,269,270,121,122
4242,109,110,267,268,269,270,249,250
4243,109,110,121,122,269,270,249,250
4244,121,122,267,268,269,270,109,110
4245,109,110,121,122,269,270,267,268
4246,121,122,267,268,269,270,249,250
4247,109,110,267,268,269,270,249,250
4248,109,110,267,268,269,270,249,250
4249,121,122,267,268,269,270,249,250
4250,109,110,121,122,267,268,249,250
4251,109,110,267,268,269,270,249,250
4252,109,110,267,268,269,270,121,122
4253,109,110,267,268,269,270,249,250
4254,121,122,267,268,269,270,109,110
4255,109,110,267,268,269,270,249,250
4256,109,110,267,268,269,270,249,250
4257,109,110,267,268,269,270,249,250
4258,109,110,121,122,267,268,249,250
4259,121,122,267,268,269,270,249,250
4260,109,110,267,268,269,270,249,250
4261,109,110,267,268,269,270,249,250
4262,109,110,121,122,267,268,269,270
4263,121,122,267,268,269,270,109,110
4264,109,110,121,122,269,270,267,268
4265,121,122,267,268,269,270,249,250
4266,121,122,267,268,269,270,109,110
4267,109,110,267,268,269,270,249,250
4268,121,122,267,268,269,270,249,250
4269,121,122,267,268,269,270,109,110
4270,109,110,267,268,269,270,121,122
4271,109,110,267,268,269,270,249,250
4272,109,110,121,122,269,270,267,268
4274,109,110,267,268,269,270,249,250
4275,109,110,267,268,269,270,121,122
4276,109,110,121,122,269,270,267,268
4277,109,110,121,122,267,268,269,270
4278,121,122,267,268,269,270,109,110
4279,109,110,267,268,269,270,121,122
4280,121,122,267,268,269,270,249,250
4281,109,110,267,268,269,270,121,122
4282,121,122,267,268,269,270,249,250
4283,121,122,267,268,269,270,249,250
4284,109,110,267,268,269,270,249,250
4285,121,122,267,268,269,270,109,110
4286,109,110,267,268,269,270,249,250
4287,109,110,121,122,269,270,267,268
4288,109,110,267,268,269,270,249,250
4289,121,122,267,268,269,270,109,110
4290,109,110,267,268,269,270,249,250
4291,109,110,267,268,269,270,249,250
4292,109,110,267,268,269,270,249,250
4293,121,122,267,268,269,270,249,250
4294,121,122,267,268,269,270,249,250
4295,121,122,267,268,269,270,109,110
4296,121,122,267,268,269,270,109,110
4297,121,122,267,268,269,270,109,110
4298,109,110,267,268,269,270,249,250
4299,121,122,267,268,269,270,249,250
4300,109,110,121,122,269,270,267,268
4301,121,122,267,268,269,270,109,110
4302,121,122,267,268,269,270,109,110
4303,109,110,121,122,269,270,249,250
4304,121,122,267,268,269,270,109,110
4305,109,110,267,268,269,270,121,122
4306,109,110,121,122,269,270,249,250
4307,109,110,121,122,267,268,249,250
4308,109,110,267,268,269,270,249,250
4309,121,122,267,268,269,270,249,250
4310,109,110,267,268,269,270,249,250
4311,121,122,267,268,269,270,249,250
4312,109,110,267,268,269,270,249,250
4313,109,110,121,122,269,270,267,268
4314,121,122,267,268,269,270,109,110
4315,109,110,267,268,269,270,249,250
4316,109,110,267,268,269,270,249,250
4317,109,110,267,268,269,270,249,250
4318,121,122,267,268,269,270,249,250
4319,109,110,121,122,269,270,267,268
4320,109,110,267,268,269,270,249,250
4321,121,122,267,268,269,270,109,110
4322,109,110,267,268,269,270,121,122
4323,109,110,267,268,269,270,121,122
4324,109,110,267,268,269,270,121,122
4325,121,122,267,268,269,270,249,250
4326,109,110,121,122,269,270,267,268
4327,121,122,267,268,269,270,109,110
4328,109,110,121,122,267,268,249,250
4329,109,110,267,268,269,270,121,122
4330,109,110,267,268,269,270,121,122
4331,109,110,121,122,269,270,267,268
4332,109,110,267,268,269,270,249,250
4333,109,110,267,268,269,270,249,250
4335,109,110,267,268,269,270,249,250
4336,121,122,267,268,269,270,109,110
4337,109,110,121,122,269,270,267,268
4338,109,110,121,122,267,268,249,250
4339,109,110,121,122,267,268,269,270
4340,109,110,267,268,269,270,121,122
4341,121,122,267,268,269,270,109,110
4342,121,122,267,268,269,270,109,110
4343,109,110,267,268,269,270,121,122
4344,121,122,267,268,269,270,109,110
4345,109,110,121,122,267,268,269,270
4346,109,110,121,122,269,270,267,268
4347,109,110,121,122,267,268,249,250
4348,121,122,267,268,269,270,249,250
4349,109,110,267,268,269,270,249,250
4350,121,122,267,268,269,270,109,110
4351,121,122,267,268,269,270,109,110
4352,109,110,267,268,269,270,249,250
4353,109,110,267,268,269,270,121,122
4354,121,122,267,268,269,270,109,110
4355,109,110,267,268,269,270,249,250
4356,109,110,121,122,269,270,267,268
4357,109,110,267,268,269,270,121,122
4358,109,110,121,122,267,268,249,250
4359,109,110,267,268,269,270,249,250
4360,109,110,121,122,269,270,267,268
4361,109,110,267,268,269,270,249,250
